Entidade,NIF,Constituição (t0),Data primeira intervervenção (t1),Total Máximo Reportado em Investimento (em t2),Total FINOVA,Nº Investidores FINOVA,Total Aumento de CS desde 1ª intervenção (t1),CS Final Intervenção (em t2),Total Aumento CS (Inv),CAE,Empresa não sediada em PT,Exit,Emissão de Valores Mobiliários,Montante,Data Emissão,Categorias de Acções,Nº de Acções Especiais,Valor nominal Acções,Nº Investidores (t2),Nº Investidores (t2) FCR´s e SCR´s,Nº Investidores (t2) Outros,Investidores 1,Investidores 2,Investidores 3,Investidores 4,Investidores 5,Investidores 6,Investidores 7,Investidores 8,Investidores 9,Investidores 10,Investidores 11,Investidores 12,Investidores 13,Investidores 14,Investidores 15,Investidores 16,Investidores 17,Investidores 18,Investidores 19,Investidores 20,Investidores 21
"COLLAB - SOLUÇÕES INFORMÁTICAS DE COMUNICAÇÃO E COLABORAÇÃO, S.A.",503476749,2006,2013,,0.00E+00,0.00,1.13E+04,6.13E+04,1.13E+04,J - Actividades de informação e de comunicação,,,Sem registo,0.00E+00,0,N,0.00,1.00,1.00E+00,1.00E+00,0.00E+00,Novabase Capital,,,,,,,,,,,,,,,,,,,,
"RADICAL INNOVATION, LDA",510693792,2013,2013,1.00E+06,1.00E+06,1.00,1.00E+04,1.00E+04,8.00E+03,N - Actividades administrativas e dos serviços de apoio,,,Sem registo,0.00E+00,0,N - Quotas,0.00,N - Quotas,1.00E+00,1.00E+00,0.00E+00,FCR Novabase Capital Inovação e Internacionalização,,,,,,,,,,,,,,,,,,,,
"BRIGHT INNOVATION, LDA",510343856,2012,2012,1.50E+06,1.50E+06,1.00,2.50E+04,2.50E+04,2.25E+04,N - Actividades administrativas e dos serviços de apoio,,,Sem registo,0.00E+00,0,N - Quotas,0.00,N - Quotas,1.00E+00,1.00E+00,0.00E+00,FUNDO DE CAPITAL DE RISCO NOVABASE CAPITAL INOVAÇÃO E INTERNACIONALIZAÇÃO,,,,,,,,,,,,,,,,,,,,
"POWER DATA, LDA",510731651,2013,2013,2.50E+05,2.50E+05,1.00,1.00E+04,1.00E+04,8.00E+03,J - Actividades de informação e de comunicação,,,Sem registo,0.00E+00,0,N - Quotas,0.00,N - Quotas,2.00E+00,2.00E+00,0.00E+00,FCR Novabase Capital Inovação e Internacionalização,NOVABASE CAPITAL ­ FUNDO DE CAPITAL DE RISCO,,,,,,,,,,,,,,,,,,,
"POWERGRID, LDA",509766358,2011,2011,2.45E+06,2.45E+06,1.00,4.50E+05,4.50E+05,4.00E+05,J - Actividades de informação e de comunicação,,,Sem registo,0.00E+00,0,N - Quotas,0.00,N - Quotas,1.00E+00,1.00E+00,0.00E+00,FUNDO DE CAPITAL DE RISCO NOVABASE CAPITAL INOVAÇÃO E INTERNACIONALIZAÇÃO,,,,,,,,,,,,,,,,,,,,
"SMARTGEO, SOLUTIONS, LDA",510465978,2012,2013,1.00E+05,1.00E+05,1.00,5.00E+03,5.00E+03,4.50E+03,J - Actividades de informação e de comunicação,,,Sem registo,0.00E+00,0,N - Quotas,0.00,N - Quotas,1.00E+00,1.00E+00,0.00E+00,FUNDO DE CAPITAL DE RISCO NOVABASE CAPITAL INOVAÇÃO E INTERNACIONALIZAÇÃO,,,,,,,,,,,,,,,,,,,,
"CITY PULSE, LDA",513136444,2014,2014,2.50E+06,2.50E+06,1.00,1.00E+05,1.00E+05,9.00E+04,J - Actividades de informação e de comunicação,,,Sem registo,0.00E+00,0,N - Quotas,0.00,N - Quotas,1.00E+00,1.00E+00,0.00E+00,FUNDO DE CAPITAL DE RISCO NOVABASE CAPITAL INOVAÇÃO E INTERNACIONALIZAÇÃO,,,,,,,,,,,,,,,,,,,,
"LIVIAN TECHNOLOGIES, LDA",513231412,2014,2014,2.50E+06,2.50E+06,1.00,1.00E+04,1.00E+04,8.00E+03,J - Actividades de informação e de comunicação,,,Sem registo,0.00E+00,0,N - Quotas,0.00,N - Quotas,1.00E+00,1.00E+00,0.00E+00,FUNDO DE CAPITAL DE RISCO NOVABASE CAPITAL INOVAÇÃO E INTERNACIONALIZAÇÃO-,,,,,,,,,,,,,,,,,,,,
"DTV RESEARCH, UNIPESSOAL LDA",510302262,2012,2012,2.50E+06,2.50E+06,1.00,2.00E+05,2.00E+05,1.90E+05,J - Actividades de informação e de comunicação,,"Venda, 2014",Sem registo,0.00E+00,0,N - Quotas,0.00,N - Quotas,1.00E+00,1.00E+00,0.00E+00,FUNDO DE CAPITAL DE RISCO NOVABASE CAPITAL INOVAÇÃO E INTERNACIONALIZAÇÃO,,,,,,,,,,,,,,,,,,,,
"WIZDEE-SISTEMAS DE GESTÃO DE CONHECIMENTO, S.A.",508979366,2009,2014,7.60E+05,2.60E+05,1.00,1.51E+05,1.56E+05,9.45E+03,J - Actividades de informação e de comunicação,,,Sem registo,0.00E+00,0,Y,"6,239,395.00",0.01,2.00E+00,2.00E+00,0.00E+00,FUNDO DE CAPITAL DE RISCO NOVABASE CAPITAL INOVAÇÃO E INTERNACIONALIZAÇÃO,FUNDO DE CAPITAL DE RISCO PORTUGAL VENTURES INTERNACIONALIZAÇÃO,,,,,,,,,,,,,,,,,,,
"FEEDZAI - CONSULTADORIA E INOVAÇÃO TECNOLÓGICA, S.A.",508771862,2008,2011,4.46E+06,4.46E+06,3.00,9.99E+04,1.51E+05,9.99E+04,J - Actividades de informação e de comunicação,"DE, USA",,Obrigações,1.05E+06,02/07/2015,Y,"9,640,327.00",0.01,5.00E+00,4.00E+00,1.00E+00,ESV inovacao & internacionalização,ESV III,FCR Novabase Capital,EDP Ventures,FCR Revitalizar Centro,,,,,,,,,,,,,,,,
"FEEDZAI, INC.",5249785,2012,2013,1.49E+07,0.00E+00,0.00,,,,Foreign Company,"DE, USA","2015, EDP, Novabase",Sem registo,0.00E+00,0,US C-corp,0.00,US C-corp,5.00E+00,1.00E+00,4.00E+00,Data Collective,Sapphire Ventures,Oak HC/FT,Capital One Growth Ventures,Es Ventures,,,,,,,,,,,,,,,,
STEMMATTERS - BIOTECNOLOGIA E MEDICINA REGENERATIVA S.A.,508206383,2007,2011,2.44E+05,2.44E+05,1.00,2.07E+05,2.12E+05,1.67E+05,C - Indústrias Transformadoras,,,Sem registo,0.00E+00,0,Y,"10,741,288.00",0.01,6.00E+00,2.00E+00,4.00E+00,Fundo de Capital de Risco Empreender Mais,Fundo de Capital de Risco Beta Ciências da Vida,"Pathena, SGPS, S.A.","FJR, SGPS, S.A","Daninves, SGPS, S.A.","CGC Centro de Genética Clínica e Patologia, S.A.",,,,,,,,,,,,,,,
"MATERA, LDA",508753902,2009,2011,2.50E+05,2.50E+05,1.00,2.80E+05,2.85E+05,1.85E+05,"M - Actividades de consultoria, científicas, técnicas e similares",,,Sem registo,0.00E+00,0,N - Quotas,0.00,N - Quotas,3.00E+00,1.00E+00,2.00E+00,FUNDO BETA CIÊNCIAS DA VIDA FCR,BIOCANT ­ ASSOCIAÇÃO DE TRANSFERÊNCIA DE TECNOLOGIA,BIOCANT VENTURES LDA,,,,,,,,,,,,,,,,,,
"EQUIGERMINAL, S.A.",509756638,2011,2012,7.20E+05,7.20E+05,3.00,6.50E+04,7.00E+04,5.13E+04,"M - Actividades de consultoria, científicas, técnicas e similares",,,Sem registo,0.00E+00,0,Y,"65,000.00",1.00,3.00E+00,2.00E+00,1.00E+00,"A2B, SGPS",FCR ISTART I,FCR Beta Ciências,,,,,,,,,,,,,,,,,,
"TORBEL, S.A.",500695679,1977,2014,1.32E+06,1.32E+06,1.00,2.29E+05,7.29E+05,2.29E+05,C - Indústrias Transformadoras,,,Sem registo,0.00E+00,0,N,0.00,5.00,1.00E+00,1.00E+00,0.00E+00,FCR ASK Celta,,,,,,,,,,,,,,,,,,,,
"ATP- ATLÂNTICO TRADE PARTNERS - IMPORTAÇÃO E EXPORTAÇÃO DE PRODUTOS ALIMENTARES, LDA",509229697,2010,2011,6.00E+05,6.00E+05,1.00,1.00E+04,2.00E+04,1.00E+04,G - Comércio por grosso e a retalho; reparação de veículos automóveis e motociclos,,,Sem registo,0.00E+00,0,N - Quotas,0.00,N - Quotas,1.00E+00,1.00E+00,0.00E+00,FCR ASK Celta,,,,,,,,,,,,,,,,,,,,
"ISA - INTELLIGENT SENSING ANYWHERE, S.A.",502448911,2010,2011,5.89E+06,5.89E+06,1.00,8.53E+05,1.65E+06,1.57E+06,"M - Actividades de consultoria, científicas, técnicas e similares",,"Cisão e redução, 2014",Alternext,2.58E+03,2013,N,0.00,1.00,1.00E+00,1.00E+00,0.00E+00,FCR Capital Criativo I,,,,,,,,,,,,,,,,,,,,
"GO BIZ, VIAGENS E TURISMO, S.A.",506300072,2002,2012,2.65E+06,2.65E+06,1.00,6.00E+04,1.65E+05,6.00E+04,N - Actividades administrativas e dos serviços de apoio,,,Sem registo,0.00E+00,0,N,0.00,1.00,1.00E+00,1.00E+00,0.00E+00,FCR Capital Criativo I,,,,,,,,,,,,,,,,,,,,
LIVE CONTENT S.A,509034080,2009,2011,6.50E+05,6.50E+05,1.00,3.80E+05,6.19E+05,3.80E+05,J - Actividades de informação e de comunicação,,"Saida, 2014",Sem registo,0.00E+00,0,N,0.00,1.00,1.00E+00,1.00E+00,0.00E+00,FCR Capital Criativo I,,,,,,,,,,,,,,,,,,,,
"USC INTERNACIONAL, S.A.",509928471,2011,2011,1.50E+06,1.50E+06,1.00,7.50E+05,9.67E+05,7.50E+05,J - Actividades de informação e de comunicação,,,Sem registo,0.00E+00,0,N,0.00,1.00,1.00E+00,1.00E+00,0.00E+00,FCR Capital Criativo I,,,,,,,,,,,,,,,,,,,,
"CORTEX INTELLIGENCE TECNOLOGIA, LDA",509739490,2011,2012,3.00E+06,3.00E+06,1.00,1.20E+05,1.50E+05,1.20E+05,J - Actividades de informação e de comunicação,,,Sem registo,0.00E+00,0,N - Quotas,0.00,N - Quotas,1.00E+00,1.00E+00,0.00E+00,FCR Capital Criativo I,,,,,,,,,,,,,,,,,,,,
"BW - BRIDGES WORLDWIDE HOLDING, SGPS, S.A.",509985394,2011,2011,1.02E+06,1.02E+06,1.00,3.88E+06,3.88E+06,8.33E+05,K - Actividades financeiras e de seguros,,,Sem registo,0.00E+00,0,N,0.00,1.00,1.00E+00,1.00E+00,0.00E+00,FCR ES Ventures Inovação & Internacionalização,,,,,,,,,,,,,,,,,,,,
"LUSOEDUC - INFORMAÇÃO E SERVIÇOS, S.A.",509061907,2009,2012,1.13E+06,1.13E+06,2.00,3.49E+05,1.16E+06,3.49E+05,J - Actividades de informação e de comunicação,,,Sem registo,0.00E+00,0,Y,"113,262.00",5.00,2.00E+00,1.00E+00,1.00E+00,FCR ES Ventures Inovação & Internacionalização,Busy Angels,,,,,,,,,,,,,,,,,,,
"SAKPROJECT INTERNATIONAL, S.A",510434126,2012,2012,1.28E+06,1.28E+06,3.00,7.78E+04,7.78E+04,2.78E+04,C - Indústrias Transformadoras,,,Sem registo,0.00E+00,0,Y,"5,377,777.00",0.01,3.00E+00,2.00E+00,1.00E+00,FCR ISTART I,Busy Angels,FCR ES Ventures Inovação & Internacionalização,,,,,,,,,,,,,,,,,,
"STOCK BEATS, S.A.",513037470,2014,2014,1.85E+06,1.78E+06,1.00,8.43E+04,1.84E+05,8.43E+04,J - Actividades de informação e de comunicação,,,Sem registo,0.00E+00,0,Y,"84,314.00",1.00,2.00E+00,1.00E+00,1.00E+00,FCR ES Ventures Inovação & Internacionalização,Pathena,,,,,,,,,,,,,,,,,,,
NUTRI VENTURES CORPORATION - NVC S.A.,509667694,2010,2010,4.99E+06,4.99E+06,4.00,2.89E+06,3.14E+06,2.89E+06,N - Actividades administrativas e dos serviços de apoio,,,Sem registo,0.00E+00,0,Y,"1,015,859.00",1.00,4.00E+00,3.00E+00,1.00E+00,FCR ES Ventures Inovação & Internacionalização,FCR PV Indústrias Criativas,FCR Portugal Ventures Internacionalização,RedStar,,,,,,,,,,,,,,,,,
"HEARTGENETICS GENETICS AND BIOTECHNOLOGY, S.A.",510575994,2013,2013,1.87E+06,1.87E+06,3.00,5.27E+04,9.66E+04,5.27E+04,"M - Actividades de consultoria, científicas, técnicas e similares",,,Sem registo,0.00E+00,0,N,0.00,0.01,4.00E+00,4.00E+00,0.00E+00,FCR ES Ventures Inovação & Internacionalização,FCR ISTART I,ESV III,FCR Beta Ciências da Vida,,,,,,,,,,,,,,,,,
"SCIENCE4YOU, S.A.",508457467,2008,2012,2.78E+06,2.78E+06,2.00,1.03E+05,3.82E+05,1.03E+05,G - Comércio por grosso e a retalho; reparação de veículos automóveis e motociclos,,,Obrigações,3.00E+06,18/09/2015,N,0.00,1.00,6.00E+00,5.00E+00,1.00E+00,FCR Portugal Ventures Internacionalização,BCP Capital,FCR PV Indústrias Criativas,FCR Finicia,Docentes FCUL,FCR Global2,,,,,,,,,,,,,,,
"TUIZZI, S.A.",509820638,2011,2013,9.00E+05,9.00E+05,3.00,7.77E+04,8.37E+04,7.77E+04,J - Actividades de informação e de comunicação,,,Sem registo,0.00E+00,0,Y,"4,073,981.00",0.01,3.00E+00,2.00E+00,1.00E+00,IA - FCI - TICE,FCR PV Indústrias Criativas,Portugal Ventures Internacionalização,,,,,,,,,,,,,,,,,,
"IM3DICAL, S.A.",509845061,2009,2013,7.50E+05,7.50E+05,1.00,4.13E+04,1.12E+05,4.13E+04,"M - Actividades de consultoria, científicas, técnicas e similares",,,Sem registo,0.00E+00,0,Y,"7,369,615.00",0.01,2.00E+00,1.00E+00,1.00E+00,FCR PV Indústrias Criativas,Pathena,,,,,,,,,,,,,,,,,,,
"GLEAM, S.A.",510730370,2013,2013,9.40E+05,6.00E+05,1.00,4.17E+05,4.17E+05,4.17E+05,J - Actividades de informação e de comunicação,,,Sem registo,0.00E+00,0,Y,"216,514.00",1.00,2.00E+00,1.00E+00,1.00E+00,"FABER VENTURES, S.A.",FCR PV Indústrias Criativas,,,,,,,,,,,,,,,,,,,
"GLOBAL INPAKT, S.A.",510742971,2013,2013,2.75E+05,2.75E+05,2.00,5.57E+04,5.57E+04,5.57E+04,J - Actividades de informação e de comunicação,,"Dissolução, 2014",Sem registo,0.00E+00,0,Y,"1,571,428.00",0.01,2.00E+00,1.00E+00,1.00E+00,FCR PV Indústrias Criativas,PNV Capital,,,,,,,,,,,,,,,,,,,
"GETSOCIAL, S.A.",510781322,2013,2013,6.30E+05,3.15E+05,1.00,6.96E+04,6.96E+04,6.96E+04,J - Actividades de informação e de comunicação,,,Sem registo,0.00E+00,0,Y,"2,964,706.00",0.01,2.00E+00,1.00E+00,1.00E+00,FCR PV Indústrias Criativas,"FABER VENTURES, S.A.",,,,,,,,,,,,,,,,,,,
"GORGEOUSDETAILS, S.A. - SOCIEDADE EM LIQUIDAÇÃO",510803598,2013,2013,1.00E+06,1.00E+06,1.00,2.73E+05,7.78E+05,2.73E+05,G - Comércio por grosso e a retalho; reparação de veículos automóveis e motociclos,,,Sem registo,0.00E+00,0,Y,"27,815,180.00",0.01,1.00E+00,1.00E+00,0.00E+00,FCR PV Indústrias Criativas,,,,,,,,,,,,,,,,,,,,
"GREENFIBER TECH, S.A.",509967400,2011,2013,1.43E+06,1.43E+06,2.00,1.27E+06,1.69E+06,1.27E+06,C - Indústrias Transformadoras,,,Emissão títulos,6.25E+05,22/04/2016,Y,"338,400.00",5.00,2.00E+00,2.00E+00,0.00E+00,FCR PV Early Stage,FCR ASK Capital,,,,,,,,,,,,,,,,,,,
STREAMBOLICO S.A.,510177026,2012,2013,1.24E+06,1.24E+06,2.00,6.18E+04,6.68E+04,2.56E+04,J - Actividades de informação e de comunicação,,,Sem registo,0.00E+00,0,Y,"2,559,178.00",0.01,2.00E+00,2.00E+00,0.00E+00,FCR PV Early Stage,Fundo de Capital de Risco Fast Change II,,,,,,,,,,,,,,,,,,,
"WHIZZTEK, S.A. - EM LIQUIDAÇÃO",510361803,2012,2014,7.50E+05,7.50E+05,1.00,1.35E+05,1.90E+05,8.76E+04,J - Actividades de informação e de comunicação,,"DISSOLUÇÃO, 31/08/2015",Sem registo,0.00E+00,0,Y,"3,522,727.00",0.01,1.00E+00,1.00E+00,0.00E+00,FCR PV Early Stage,,,,,,,,,,,,,,,,,,,,
"LIQUID DATA INTELLIGENCE, S.A.",510993834,2014,2014,7.50E+05,6.08E+05,1.00,3.38E+04,2.03E+05,3.38E+04,J - Actividades de informação e de comunicação,,,Sem registo,0.00E+00,0,Y,"6,750,000.00",0.01,2.00E+00,1.00E+00,1.00E+00,"FABER VENTURES, S.A.",FCR PV Early Stage,,,,,,,,,,,,,,,,,,,
FÓRMULA DA AVÓ - LDA,510077072,2012,2013,1.84E+05,1.84E+05,2.00,3.85E+03,8.85E+03,3.85E+03,"M - Actividades de consultoria, científicas, técnicas e similares",,,Sem registo,0.00E+00,0,N - Quotas,0.00,N - Quotas,2.00E+00,1.00E+00,1.00E+00,FCR Minho Inovação & Internacionalização,"EV Tecsaúde, SGPS, SA",,,,,,,,,,,,,,,,,,,
"SPHERE ULTRAFAST PHOTONICS, S.A.",510571514,2013,2014,8.50E+05,8.50E+05,1.00,2.33E+04,6.43E+04,2.33E+04,C - Indústrias Transformadoras,,,Sem registo,0.00E+00,0,Y,"195,000.00",0.10,1.00E+00,1.00E+00,0.00E+00,FCR Minho Inovação & Internacionalização,,,,,,,,,,,,,,,,,,,,
"MOBIQUEUE, S.A.",510753884,2013,2014,1.50E+05,1.50E+05,1.00,4.40E+04,5.00E+04,4.00E+04,J - Actividades de informação e de comunicação,,,Sem registo,0.00E+00,0,Y,"170,000.00",0.10,1.00E+00,1.00E+00,0.00E+00,FCR Minho Inovação & Internacionalização,,,,,,,,,,,,,,,,,,,,
"ADDVOLT, S.A.",510788815,2014,2014,3.35E+05,3.35E+05,1.00,5.00E+04,5.00E+04,3.00E+04,"M - Actividades de consultoria, científicas, técnicas e similares",,,Sem registo,0.00E+00,0,N,0.00,0.10,1.00E+00,1.00E+00,0.00E+00,FCR Minho Inovação & Internacionalização,,,,,,,,,,,,,,,,,,,,
"BIOMODE 2, S.A.",513002901,2014,2014,1.60E+06,1.53E+06,3.00,6.00E+04,6.00E+05,4.76E+04,"M - Actividades de consultoria, científicas, técnicas e similares",,,Sem registo,0.00E+00,0,Y,"334,434.00",0.10,4.00E+00,2.00E+00,2.00E+00,FCR FAST Change II,FCR Minho Inovação & Internacionalização,"IA - FCI Ciências da Vida SGPS, SA","Gegnum ­Gestão e Investimentod, lda",,,,,,,,,,,,,,,,,
"AUGRPUBLISHER, S.A",513061690,2014,2014,2.13E+05,2.13E+05,1.00,3.75E+04,5.01E+04,3.75E+04,J - Actividades de informação e de comunicação,,,Sem registo,0.00E+00,0,N,0.00,1.00,2.00E+00,1.00E+00,1.00E+00,FCR Minho Inovação & Internacionalização,"Binteractive, Lda",,,,,,,,,,,,,,,,,,,
"DOCTORGUMMY, LDA",513249141,2014,2014,1.63E+05,1.63E+05,1.00,2.97E+03,7.97E+03,2.97E+03,"M - Actividades de consultoria, científicas, técnicas e similares",,,Sem registo,0.00E+00,0,N - Quotas,0.00,N - Quotas,4.00E+00,1.00E+00,3.00E+00,FCR Minho Inovação & Internacionalização,"Capital Disperso, LDA","Fast Sharks Invest, LDA",Vallis Sustainable Investments I,,,,,,,,,,,,,,,,,
"CRITICAL MATERIALS, S.A.",508339855,2008,2011,6.00E+05,6.00E+05,1.00,1.38E+05,2.38E+05,1.38E+05,J - Actividades de informação e de comunicação,,,Sem registo,0.00E+00,0,N,0.00,1.00,1.00E+00,1.00E+00,0.00E+00,FCR Critical Ventures I,,,,,,,,,,,,,,,,,,,,
"RETMARKER, S.A.",508805759,2008,2011,1.13E+06,1.13E+06,2.00,4.53E+05,9.53E+05,4.53E+05,J - Actividades de informação e de comunicação,,,Sem registo,0.00E+00,0,Y,"70,298.00",Sem valor,2.00E+00,1.00E+00,1.00E+00,FCR Critical Ventures I,Sequoia Saúde e Tecnologia,,,,,,,,,,,,,,,,,,,
"BLUECARING - SISTEMAS DE MONITORIZAÇÃO, S.A.",509961320,2011,2014,3.60E+05,3.60E+05,1.00,5.00E+04,1.00E+05,5.00E+04,J - Actividades de informação e de comunicação,,,Sem registo,0.00E+00,0,Y,"231,524.00",0.25,1.00E+00,1.00E+00,0.00E+00,FCR Critical Ventures I,,,,,,,,,,,,,,,,,,,,
"WFSW, S.A.",510343350,2012,2012,1.00E+06,1.00E+06,1.00,1.50E+04,6.50E+04,1.50E+04,J - Actividades de informação e de comunicação,,"2013,DE, USA",Sem registo,0.00E+00,0,N,0.00,1.00,2.00E+00,1.00E+00,1.00E+00,Critical Ventures,Critical SGPS (holding),,,,,,,,,,,,,,,,,,,
"CBRA GENOMICS, S.A.",510447147,2012,2013,1.09E+06,1.09E+06,2.00,6.87E+04,6.97E+04,4.37E+04,"M - Actividades de consultoria, científicas, técnicas e similares",,,Sem registo,0.00E+00,0,Y,"3,878,671.00",0.01,4.00E+00,2.00E+00,2.00E+00,FCR Critical Ventures I,FCR PV Biocant,Biocant ­ Associação de Transferência de Tecnologia,"Critical Software, S.A.",,,,,,,,,,,,,,,,,
GENE PREDIT S.A.,507586557,2006,2012,3.91E+05,3.91E+05,1.00,1.03E+06,1.04E+06,1.02E+06,"M - Actividades de consultoria, científicas, técnicas e similares",,,Sem registo,0.00E+00,0,Y,"485,000.00",1.00,4.00E+00,3.00E+00,1.00E+00,FCR PV Biocant,"Biocant Ventures, Lda","BETA­SOCIEDADE DE CAPITAL DE RISCO, S.A.",FUNDO DE CAPITAL DE RISCO INOVCAPITAL,,,,,,,,,,,,,,,,,
"TREAT U, S.A.",509293077,2010,2013,7.60E+05,7.60E+05,1.00,2.46E+04,8.46E+04,2.46E+04,"M - Actividades de consultoria, científicas, técnicas e similares",,,Sem registo,0.00E+00,0,Y,"1,437,600.00",0.01,2.00E+00,1.00E+00,1.00E+00,FCR PV Biocant,"Bluepharma ­ Indústria farmacêutica,S.A.",,,,,,,,,,,,,,,,,,,
"PERCEIVE3D, S.A.",510642926,2013,2013,1.13E+06,1.13E+06,1.00,1.08E+05,1.09E+05,3.13E+04,"M - Actividades de consultoria, científicas, técnicas e similares",,,Sem registo,0.00E+00,0,Y,"3,127,170.00",0.01,2.00E+00,2.00E+00,0.00E+00,FCR PV Biocant,FCR Portugal Ventures ACTEC II,,,,,,,,,,,,,,,,,,,
"ALTAKITIN, S.A.",509655300,2010,2011,9.01E+05,9.01E+05,1.00,5.89E+04,1.09E+05,1.74E+04,"M - Actividades de consultoria, científicas, técnicas e similares",,,Sem registo,0.00E+00,0,N,0.00,1.00,2.00E+00,2.00E+00,0.00E+00,FCR ASK Capital,Fundo ISQ Capital,,,,,,,,,,,,,,,,,,,
"BABYBOOK, S.A.",509822070,2011,2014,6.65E+05,5.08E+05,2.00,7.17E+04,7.27E+04,4.54E+04,J - Actividades de informação e de comunicação,,,Sem registo,0.00E+00,0,Y,"2,773,812.00",0.01,3.00E+00,3.00E+00,0.00E+00,Fundo ASK Capital,FCR PV Universitas,"Naves ­ Sociedade de Capital de Risco, S.A.",,,,,,,,,,,,,,,,,,
"SHIFTFORWARD, S.A.",509890180,2011,2014,7.50E+05,7.50E+05,1.00,6.01E+04,6.01E+04,1.31E+04,J - Actividades de informação e de comunicação,,,Sem registo,0.00E+00,0,Y,"1,008,939.00",0.01,1.00E+00,1.00E+00,0.00E+00,FCR Portugal Ventures Internacionalização,,,,,,,,,,,,,,,,,,,,
"YOUNGSTORIES, S.A.",509984568,2011,2013,2.14E+06,2.09E+06,3.00,7.44E+04,7.49E+04,2.64E+04,J - Actividades de informação e de comunicação,,,Sem registo,0.00E+00,0,Y,"33,373,276.00",0.01,5.00E+00,2.00E+00,3.00E+00,"Shilling Capital Partners, SGPS, Lda",Busy Angels,"FABER VENTURES, S.A.",FCR PV Universitas,FCR Portugal Ventures Early Stage,,,,,,,,,,,,,,,,
"APTOIDE, S.A.",509987184,2011,2013,2.30E+06,1.20E+06,1.00,4.81E+04,8.85E+04,4.81E+04,J - Actividades de informação e de comunicação,,,Sem registo,0.00E+00,0,Y,"4,361,085.00",0.01,5.00E+00,2.00E+00,3.00E+00,FCR PV Universitas,Golden Gate Ventures,Gobi Partners,e.ventures,FCR Portugal Ventures Internacionalização,,,,,,,,,,,,,,,,
"PASSWORKS, S.A.",513002111,2014,2014,7.50E+05,5.00E+05,1.00,2.07E+05,2.07E+05,2.89E+04,J - Actividades de informação e de comunicação,,,Sem registo,0.00E+00,0,Y,"7,234,142.00",0.01,2.00E+00,1.00E+00,1.00E+00,"FABER VENTURES, S.A.",FCR PV Universitas,,,,,,,,,,,,,,,,,,,
"BIOMODE - BIOMOLECULAR DETERMINATION, S.A.",509594107,2010,2011,3.00E+05,3.00E+05,1.00,5.00E+05,5.00E+05,5.00E+05,"M - Actividades de consultoria, científicas, técnicas e similares",,Exited,Sem registo,0.00E+00,0,N,0.00,0.01,1.00E+00,1.00E+00,0.00E+00,FCR PV ACTEC,,,,,,,,,,,,,,,,,,,,
"OMNIFLOW, S.A",509895948,2011,2012,8.26E+05,8.26E+05,1.00,2.31E+05,2.36E+05,2.31E+05,"M - Actividades de consultoria, científicas, técnicas e similares",,,Sem registo,0.00E+00,0,Y,0.00,0.01,2.00E+00,2.00E+00,0.00E+00,FCR PV ACTEC,Inovcapital,,,,,,,,,,,,,,,,,,,
PHARMA73 S.A.,509923275,2011,2011,3.00E+05,2.85E+05,1.00,4.01E+05,1.02E+05,4.01E+05,C - Indústrias Transformadoras,,,Sem registo,0.00E+00,0,N,0.00,5.00,1.00E+00,1.00E+00,0.00E+00,FCR PV ACTEC,,,,,,,,,,,,,,,,,,,,
"ABYSSAL, S.A.",510091083,2012,2012,3.00E+05,3.00E+05,1.00,1.51E+05,1.51E+05,,J - Actividades de informação e de comunicação,,,Sem registo,0.00E+00,0,Y,"2,739,726.00",0.01,1.00E+00,1.00E+00,0.00E+00,FCR PV ACTEC,,,,,,,,,,,,,,,,,,,,
"LYMPHACT - LYMPHOCYTE ACTIVATION TECHNOLOGIES, S.A.",510695833,2013,2013,5.31E+05,5.31E+05,2.00,6.72E+04,6.72E+04,,J - Actividades de informação e de comunicação,,,Sem registo,0.00E+00,0,Y,"2,351,621.00",0.01,2.00E+00,1.00E+00,1.00E+00,FCR PV ACTEC,Busy Angels,,,,,,,,,,,,,,,,,,,
"XHOCKWARE, S.A.",510942571,2014,2014,1.12E+06,2.45E+05,1.00,7.57E+04,7.57E+04,,J - Actividades de informação e de comunicação,,,Sem registo,0.00E+00,0,Y,"2,573,529.00",0.01,2.00E+00,1.00E+00,1.00E+00,FCR PV ACTEC,Busy Angels,,,,,,,,,,,,,,,,,,,
"LASERLEAP TECHNOLOGIES,S.A.",509992544,2011,2013,4.30E+05,4.30E+05,1.00,3.33E+04,5.83E+04,2.52E+04,"M - Actividades de consultoria, científicas, técnicas e similares",,,Sem registo,0.00E+00,0,Y,"2,519,608.00",0.01,3.00E+00,2.00E+00,1.00E+00,Busy Angels,FCR ISTART I,"Hovione Capital, SCR S.A.",,,,,,,,,,,,,,,,,,
"ECOFOOT, S.A.",510252362,2012,2013,6.60E+05,6.60E+05,2.00,5.50E+03,7.21E+04,5.50E+03,C - Indústrias Transformadoras,,,Sem registo,0.00E+00,0,Y,"1,571,428.00",0.01,2.00E+00,1.00E+00,1.00E+00,FCR ISTART I,"TEX Risco, SGPS, SA",,,,,,,,,,,,,,,,,,,
"EIDT - ENGENHARIA, INOVAÇÃO E DESENVOLVIMENTO TECNOLÓGICO, S.A.",509221785,2009,2012,3.50E+05,3.50E+05,1.00,9.00E+04,1.50E+05,,F - Construção,,,Sem registo,0.00E+00,0,Y,"50,000.00",5.00,2.00E+00,1.00E+00,1.00E+00,FCR FAST Change II,Grupo EDP,,,,,,,,,,,,,,,,,,,
"CELL2B - ADVANCED THERAPEUTICS, S.A.",509687040,2011,2012,1.27E+06,1.74E+06,3.00,4.04E+04,5.60E+04,3.95E+04,"M - Actividades de consultoria, científicas, técnicas e similares",,,Sem registo,0.00E+00,0,Y,"120,513.00",0.84,7.00E+00,2.00E+00,5.00E+00,FCR FAST Change II,"Shilling Capital Partners, Lda",Magnum Capital Partners,"Vallis ­ SGPS, S.A.","SharkAB ­ Consultores, Lda",Biocant ­ Associação,FCR Revitalizar Centro,,,,,,,,,,,,,,
"CONVERDE, S.A.",509720765,2011,2012,1.00E+06,1.00E+06,1.00,1.25E+04,6.25E+04,,C - Indústrias Transformadoras,,,Sem registo,0.00E+00,0,Y,"2,494,210.00",0.01,2.00E+00,2.00E+00,0.00E+00,Fast Change,FCR FAST Change II,,,,,,,,,,,,,,,,,,,
"5ENSESINFOOD, S.A.",510257127,2012,2013,1.00E+06,1.00E+06,3.00,4.90E+05,5.65E+05,4.90E+05,C - Indústrias Transformadoras,,,Sem registo,0.00E+00,0,N,0.00,0.00,3.00E+00,1.00E+00,2.00E+00,FCR FAST Change II,BrainInvest,IA - FCI - Ciências da Vida,,,,,,,,,,,,,,,,,,
NMUSIC S.A.,509280285,2010,2013,4.50E+06,4.50E+06,1.00,6.78E+03,6.78E+04,,J - Actividades de informação e de comunicação,,,Obrigações,4.00E+06,2014,N,0.00,1.00,2.00E+00,1.00E+00,1.00E+00,Pathena,FCR Revitalizar Norte,,,,,,,,,,,,,,,,,,,
THELIAL TECHNOLOGIES S.A.,509066569,2009,2010,3.60E+05,1.79E+05,1.00,7.00E+04,1.36E+05,,"M - Actividades de consultoria, científicas, técnicas e similares",,,Sem registo,0.00E+00,0,Y,"5,000.00",1.00,2.00E+00,1.00E+00,1.00E+00,FCR Portugal Ventures ACTEC II,Biocant Ventures,,,,,,,,,,,,,,,,,,,
"MUZZLEY, S.A.",510354050,2012,2012,1.89E+06,3.00E+05,1.00,2.94E+04,8.44E+04,1.96E+05,J - Actividades de informação e de comunicação,,,Sem registo,0.00E+00,0,Y,"4,438,596.00",0.01,4.00E+00,3.00E+00,1.00E+00,FCR Istart I,Fundo de Capital de Risco Portugal Ventures Valor 2,Plug & Play Accelarator,ESV III,,,,,,,,,,,,,,,,,
"EPEDAL, SGPS S.A.",508077036,2007,2015,2.50E+06,2.50E+06,2.00,1.32E+04,8.78E+04,1.32E+04,K - Actividades financeiras e de seguros,,,Sem registo,0.00E+00,0,N,0.00,5.00,2.00E+00,2.00E+00,0.00E+00,FCR Portugal Ventures Internacionalização,FCR PME / Novo Banco,,,,,,,,,,,,,,,,,,,
"QAMINE PORTUGAL, S.A",510815120,2013,2013,5.00E+05,2.75E+05,1.00,4.27E+05,4.27E+05,,J - Actividades de informação e de comunicação,,,Sem registo,0.00E+00,0,Y,"42,249,938.00",0.01,2.00E+00,1.00E+00,1.00E+00,"FABER VENTURES, S.A.",FCR Istart I,,,,,,,,,,,,,,,,,,,
QAMINE LIMITED,8374290,2013,2015,8.25E+05,0.00E+00,0.00,5.87E+00,1.44E+01,,J - Information and communication,,,Sem registo,0.00E+00,0,UK LLC,,UK LLC,8.00E+00,2.00E+00,6.00E+00,"FABER VENTURES, S.A. (via QAMINE PORTUGAL, S.A)",ISTART - I,Seedcamp,Caixa Capital,Faber Ventures,Henrique de Castro,Join Capital,Undisclosure Angel Investment,,,,,,,,,,,,,
"JSCRAMBLER, S.A.",508268516,2007,2013,1.30E+06,1.30E+06,1.00,9.01E+04,9.51E+04,2.56E+04,J - Actividades de informação e de comunicação,,,Sem registo,0.00E+00,0,Y,"2,560,527.00",0.01,1.00E+00,1.00E+00,0.00E+00,FCR Portugal Ventures Internacionalização,,,,,,,,,,,,,,,,,,,,
"PETSYS ELECTRONICS - MEDICAL PET DETECTORS,",510861679,2013,2013,9.15E+05,9.15E+05,1.00,1.35E+05,4.54E+05,,"M - Actividades de consultoria, científicas, técnicas e similares",,,Sem registo,0.00E+00,0,N,0.00,0.01,3.00E+00,2.00E+00,1.00E+00,FCR Portugal Ventures Early Stage,FCR Portugal Ventures Universitas,Universidade do Porto,,,,,,,,,,,,,,,,,,
"ICLIO, S.A.",508991390,2009,2014,1.65E+06,1.37E+06,2.00,5.33E+04,5.83E+04,2.33E+04,J - Actividades de informação e de comunicação,,,Sem registo,0.00E+00,0,Y,"2,333,333.00",0.01,2.00E+00,1.00E+00,1.00E+00,FCR Portugal Ventures Turismo Inovação,Busy Angels,,,,,,,,,,,,,,,,,,,
"FRIDAY: CIÊNCIA E ENGENHARIA DO LAZER, S.A.",510445276,2012,2014,1.20E+06,1.00E+06,1.00,6.22E+04,6.42E+04,1.46E+04,G - Comércio por grosso e a retalho; reparação de veículos automóveis e motociclos,,,Sem registo,0.00E+00,0,Y,"2,024,331.00",0.01,1.00E+00,1.00E+00,0.00E+00,FCR Portugal Ventures Turismo Inovação,,,,,,,,,,,,,,,,,,,,
"FAIRWAY, MEDICAL TOURISM PORTUGAL, S.A.",510603556,2013,2013,6.20E+05,6.20E+05,3.00,1.00E+05,1.01E+05,,J - Actividades de informação e de comunicação,,,Sem registo,0.00E+00,0,Y,"5,912,568.00",0.01,3.00E+00,1.00E+00,2.00E+00,FCR Portugal Ventures Turismo Inovação,Busy Angels,Eggnest,,,,,,,,,,,,,,,,,,
"MAGNOMICS, S.A.",510646778,2013,2014,2.20E+05,1.64E+05,2.00,3.33E+05,3.34E+06,1.32E+05,"M - Actividades de consultoria, científicas, técnicas e similares",,,Sem registo,0.00E+00,0,N,0.00,0.01,5.00E+00,2.00E+00,3.00E+00,Fundo de Capital de Risco Beta Ciências da Vida,PNV Capital,Fundo de Capital de Risco Portugal Ventures,"INESC ID­Instituto de Engenharia de Sistemas e Computadores, Investigação e Desenvolvimento em Lisboa",NESC Microsistemas e Nanotecnologias ­ Instituto de engenharia de Sistemas e Computadores para os Microsistemas e as Nanotecnologias,,,,,,,,,,,,,,,,
"WEDELIVERAWESOMEAPPS, S.A.",510804519,2013,2014,1.73E+06,1.73E+06,1.00,6.28E+04,6.28E+04,2.04E+04,J - Actividades de informação e de comunicação,,,Sem registo,0.00E+00,0,Y,"766,336.00",0.01,1.00E+00,1.00E+00,0.00E+00,Fundo de Capital de Risco Turismo Inovação FCR,,,,,,,,,,,,,,,,,,,,
"AMANHÃ GLOBAL, S.A.",510824625,2013,2014,6.50E+05,4.50E+05,1.00,6.52E+04,6.77E+04,2.87E+04,J - Actividades de informação e de comunicação,,,Sem registo,0.00E+00,0,Y,"2,869,851.00",0.01,2.00E+00,1.00E+00,1.00E+00,Fundo de Capital de Risco Portugal Ventures Early Stage,"Indexingnition­ Investimentos e Consultoria, Lda",,,,,,,,,,,,,,,,,,,
"KINEMATIX SENSE, S.A.",507896068,2007,2008,6.50E+06,1.50E+06,1.00,8.93E+05,8.37E+05,8.84E+05,C - Indústrias Transformadoras,,,Sem registo,0.00E+00,0,Y,"53,914,802.00",0.01,4.00E+00,2.00E+00,2.00E+00,FCR Portugal Ventures Internacionalização,Inesc Porto,FCR InovCapital,"CIENCIVEST, VALORIZAÇÃO ECONÓMICA DA CIÊNCIA, S.A.",,,,,,,,,,,,,,,,,
"MOODOPTIC, S.A.",507798325,2006,2014,1.17E+06,1.17E+06,1.00,1.39E+05,3.19E+05,9.71E+04,G - Comércio por grosso e a retalho; reparação de veículos automóveis e motociclos,,,Sem registo,0.00E+00,0,Y,"9,709,247.00",0.01,1.00E+00,1.00E+00,0.00E+00,FCR Portugal Ventures Internacionalização,,,,,,,,,,,,,,,,,,,,
"MAPS WITH LIFE, S.A. - EM LIQUIDAÇÃO",510740480,2013,2013,3.85E+05,3.85E+05,2.00,7.84E+04,7.84E+04,,J - Actividades de informação e de comunicação,,,Sem registo,0.00E+00,0,Y,"4,243,743.00",0.10,2.00E+00,1.00E+00,1.00E+00,FCR Portugal Ventures Turismo Inovação,PNV Capital,,,,,,,,,,,,,,,,,,,
"TURFLYNX, LDA",513233989,2014,2014,3.00E+05,3.00E+05,1.00,3.79E+03,8.79E+03,3.79E+03,"M - Actividades de consultoria, científicas, técnicas e similares",,,Sem registo,0.00E+00,0,N - Quotas,0.00,N - Quotas,2.00E+00,1.00E+00,1.00E+00,Fundo ASK Capital,MERMAID INVESTMENTS B.V.,,,,,,,,,,,,,,,,,,,
"ECT - BUSINESS OPORTUNITY, COMPRA E VENDA DE VIATURAS, LDA",510064256,2014,2014,4.00E+05,4.00E+05,1.00,1.67E+03,6.67E+03,1.67E+03,G - Comércio por grosso e a retalho; reparação de veículos automóveis e motociclos,,,Sem registo,0.00E+00,0,N - Quotas,0.00,N - Quotas,1.00E+00,1.00E+00,0.00E+00,Fundo ASK Capital,,,,,,,,,,,,,,,,,,,,
WISE CONNECT S.A.,513112146,2014,2014,3.50E+05,3.50E+05,1.00,4.40E+04,5.00E+04,1.80E+04,J - Actividades de informação e de comunicação,,,Sem registo,0.00E+00,0,Y,"125,000.00",0.10,1.00E+00,1.00E+00,0.00E+00,FCR Minho Inovação e Internacionalização,,,,,,,,,,,,,,,,,,,,
"GUM CHEMICAL SOLUTIONS, S.A.",510551890,2013,2015,1.00E+06,1.00E+06,1.00,7.92E+03,7.04E+04,7.92E+03,C - Indústrias Transformadoras,,,Sem registo,0.00E+00,0,N,0.00,1.00,1.00E+00,1.00E+00,0.00E+00,FCR Ask Celta,,,,,,,,,,,,,,,,,,,,
"TOP RESEARCH, S.A.",509841686,2012,2015,9.30E+05,9.30E+05,2.00,3.68E+04,6.08E+04,2.08E+04,"M - Actividades de consultoria, científicas, técnicas e similares",,,Sem registo,0.00E+00,0,Y,"2,083,381.00",0.01,2.00E+00,2.00E+00,0.00E+00,FCR Portugal Ventures ACTEC II,FCR Minho Inovação e Internacionalização,,,,,,,,,,,,,,,,,,,
BULLET SOLUTIONS - SISTEMAS DE INFORMAÇÃO S.A.,507491300,2006,2015,5.20E+05,5.20E+05,1.00,3.89E+04,1.89E+07,3.89E+04,J - Actividades de informação e de comunicação,,,Sem registo,0.00E+00,0,Y,"3,893,194.00",0.01,1.00E+00,1.00E+00,0.00E+00,FCR Portugal Ventures ACTEC II,,,,,,,,,,,,,,,,,,,,
"PEPFEED, S,A",510820484,2013,2015,2.50E+05,2.50E+05,1.00,5.26E+04,5.51E+04,1.20E+04,J - Actividades de informação e de comunicação,,,Sem registo,0.00E+00,0,Y,"1,198,581.00",0.01,1.00E+00,1.00E+00,0.00E+00,FCR Portugal Ventures Universitas,,,,,,,,,,,,,,,,,,,,
"MYGON, S.A.",510005420,2011,2012,7.00E+05,7.00E+05,1.00,6.02E+05,1.96E+05,6.82E+04,"M - Actividades de consultoria, científicas, técnicas e similares",,,Sem registo,0.00E+00,0,Y,"10,778,050.00",0.01,5.00E+00,1.00E+00,4.00E+00,FCR Portugal Ventures Turismo Inovação,"AFSA ­SGPS, S.A","EntreParentesis ­SGPS,S.A.","B31­ Investimentos, Lda­","Innovation Makers ­ serviços de Consultoria em Inovação, Lda­",,,,,,,,,,,,,,,,
"IMMUNETHEP, S.A.",510824439,2013,2015,7.50E+05,7.50E+05,1.00,5.61E+04,5.71E+04,3.86E+04,"M - Actividades de consultoria, científicas, técnicas e similares",,,Sem registo,0.00E+00,0,Y,"1,387,347.00",0.01,2.00E+00,1.00E+00,1.00E+00,FCR Portugal Ventures Biocant,"Venture Catalysts, Lda",,,,,,,,,,,,,,,,,,,
"WATT-IS, S.A.",510207715,2012,2015,4.00E+05,4.00E+05,1.00,4.40E+04,5.00E+04,1.75E+04,"M - Actividades de consultoria, científicas, técnicas e similares",,,Sem registo,0.00E+00,0,N,0.00,0.10,1.00E+00,1.00E+00,0.00E+00,FCR Minho Inovação e Internacionalização,,,,,,,,,,,,,,,,,,,,
"WEBANKOR, S.A.",510060625,2012,2013,6.00E+05,6.00E+05,2.00,1.34E+05,1.62E+05,4.07E+04,J - Actividades de informação e de comunicação,,,Sem registo,0.00E+00,0,Y,"3,448,276.00",0.01,3.00E+00,1.00E+00,2.00E+00,FCR Portugal Ventures Early Stage,PNV Capital,Busy Angels,,,,,,,,,,,,,,,,,,
"POSSIBLE ANSWER , S.A",513140603,2014,2015,3.53E+05,3.53E+05,1.00,8.68E+04,8.81E+04,2.58E+04,"M - Actividades de consultoria, científicas, técnicas e similares",,,Sem registo,0.00E+00,0,Y,"2,584,555.00",0.01,1.00E+00,1.00E+00,0.00E+00,FCR Portugal Ventures ACTEC II,,,,,,,,,,,,,,,,,,,,
"BEYONDEVICES, S.A.",510224954,2012,2015,4.60E+05,4.60E+05,1.00,6.90E+04,7.00E+04,2.00E+04,C - Indústrias Transformadoras,,,Sem registo,0.00E+00,0,N,0.00,0.01,2.00E+00,1.00E+00,1.00E+00,FCR Portugal Ventures Internacionalização,NEUTROPLAST ­ INDÚSTRIA DE EMBALAGENS PLÁSTICAS S.A.,,,,,,,,,,,,,,,,,,,
"FOLLOW INSPIRATION, S.A.",510154212,2012,2014,8.00E+05,8.00E+05,2.00,6.88E+04,7.38E+04,4.12E+04,J - Actividades de informação e de comunicação,,,Sem registo,0.00E+00,0,Y,"2,563,683.00",0.01,2.00E+00,1.00E+00,1.00E+00,Portugal Ventures,"TIC Risco, SGPS, SA",,,,,,,,,,,,,,,,,,,
"PETAPILOT, S.A.",510961304,2014,2015,5.00E+05,5.00E+05,1.00,1.25E+04,6.25E+04,1.25E+04,J - Actividades de informação e de comunicação,,,Sem registo,0.00E+00,0,N,0.00,1.00,1.00E+00,1.00E+00,0.00E+00,Fundo ASK Celta,,,,,,,,,,,,,,,,,,,,
"CUBO ENVIRONMENTAL TECHNOLOGIES, S.A.",513093893,2014,2015,3.10E+05,3.10E+05,1.00,1.41E+05,1.46E+05,4.62E+04,C - Indústrias Transformadoras,,,Sem registo,0.00E+00,0,Y,"4,616,451.00",0.01,1.00E+00,1.00E+00,0.00E+00,FCR Portugal Ventures Early Stage,,,,,,,,,,,,,,,,,,,,
"GRAPHENEST, S.A.",513542850,2015,2015,2.50E+05,2.50E+05,1.00,5.82E+04,5.82E+04,3.30E+03,C - Indústrias Transformadoras,,,Sem registo,0.00E+00,0,Y,"824,176.00",0.01,1.00E+00,1.00E+00,0.00E+00,FCR Portugal Ventures Internacionalização,,,,,,,,,,,,,,,,,,,,
MORNING HEROES S.A.,513603980,2015,2015,7.00E+05,7.00E+05,1.00,1.27E+05,1.27E+05,2.85E+04,J - Actividades de informação e de comunicação,,,Sem registo,0.00E+00,0,Y,"2,189,477.00",0.01,3.00E+00,1.00E+00,2.00E+00,FCR Portugal Ventures Early Stage,Global Accelerator Year 3 B.V,Plopper B.V. ,,,,,,,,,,,,,,,,,,
"MICE - MOLDS AND INJECTED COMPONENTS ENGINEERING, S.A.",510662790,2013,2015,5.00E+04,5.00E+04,1.00,6.69E+04,7.70E+04,2.70E+04,"M - Actividades de consultoria, científicas, técnicas e similares",,,Sem registo,0.00E+00,0,Y,"2,702,600.00",0.01,1.00E+00,1.00E+00,0.00E+00,FCR Portugal Ventures ACTEC II,,,,,,,,,,,,,,,,,,,,
"BLOOMERS, S.A.",510803601,2013,2015,4.50E+05,4.50E+05,1.00,2.04E+05,2.09E+05,5.40E+04,"M - Actividades de consultoria, científicas, técnicas e similares",,,Sem registo,0.00E+00,0,Y,"2,399,002.00",0.01,1.00E+00,1.00E+00,0.00E+00,FCR Portugal Ventures Internacionalização,,,,,,,,,,,,,,,,,,,,
"FASTINOV, S.A.",510740898,2013,2015,3.75E+05,3.00E+05,1.00,8.78E+04,9.08E+04,3.28E+04,"M - Actividades de consultoria, científicas, técnicas e similares",,,Sem registo,0.00E+00,0,Y,"2,628,000.00",0.01,2.00E+00,1.00E+00,1.00E+00,Busy Angels,FCR Istart I,,,,,,,,,,,,,,,,,,,
"PEEK HEALTH, S.A.",513369686,2015,2015,4.00E+05,4.00E+05,1.00,5.10E+04,5.20E+04,8.84E+03,J - Actividades de informação e de comunicação,,,Sem registo,0.00E+00,0,Y,"871,164.00",0.01,2.00E+00,1.00E+00,1.00E+00,FCR Portugal Ventures Biocant,"Skybusiness, S.A.",,,,,,,,,,,,,,,,,,,
"SWORD HEALTH, S.A",510675565,2013,2014,8.00E+05,8.00E+05,3.00,4.55E+04,5.26E+04,5.96E+03,C - Indústrias Transformadoras,,,Sem registo,0.00E+00,0,Y,"18,627.00",1.00,3.00E+00,1.00E+00,2.00E+00,FCR Fast Change II,BrainCapital,"New Ventures SGPS, SA",,,,,,,,,,,,,,,,,,
"EXOGENUS THERAPEUTICS, S.A.",513553142,2015,2015,9.00E+05,2.50E+05,1.00,5.90E+04,6.00E+04,,"M - Actividades de consultoria, científicas, técnicas e similares",,,Sem registo,0.00E+00,0,Y,"14,999.00",1.00,2.00E+00,2.00E+00,0.00E+00,Caixa Capital,FCR Fast Change II,,,,,,,,,,,,,,,,,,,
"LUZITIN, S.A.",508853702,2009,2011,3.20E+05,3.20E+05,1.00,0.00E+00,5.00E+04,0.00E+00,"M - Actividades de consultoria, científicas, técnicas e similares",,,Sem registo,0.00E+00,0,N,0.00,5.00,1.00E+00,1.00E+00,0.00E+00,FCR Portugal Ventures Biocant,,,,,,,,,,,,,,,,,,,,
"CHANGING EXPERIENCE, S.A.",510098371,2011,2013,1.39E+06,8.33E+05,2.00,4.21E+04,5.00E+04,1.19E+04,J - Actividades de informação e de comunicação,,FUNDO DE CAPITAL DE RISCO EMPREENDER MAIS ­ CAIXA CAPITAL,Sem registo,0.00E+00,0,Y,"726,738.00",0.01,6.00E+00,3.00E+00,3.00E+00,BGI SA,FCR Portugal Ventures ACTEC II,"SMARTEQUITY SGPS, LDA","INTERCAPITAL­ INVESTIMENTOS E GESTÃO DE ACTIVOS, S.A",FUNDO DE CAPITAL DE RISCO EMPREENDER MAIS ­ CAIXA CAPITAL,FUNDO DE CAPITAL DE RISCO CAIXA TECH TRANSFER ACCELERATOR VENTURES,,,,,,,,,,,,,,,
"CARDMOBILI DESENVOLVIMENTO DE SOFTWARE, S.A.",508559588,2008,2013,1.15E+06,1.15E+06,1.00,2.50E+04,7.50E+04,2.50E+04,J - Actividades de informação e de comunicação,,,Sem registo,0.00E+00,0,N,0.00,1.00,2.00E+00,1.00E+00,1.00E+00,Pathena,FCR Capital Criativo I,,,,,,,,,,,,,,,,,,,
"FUNCTIONAL ENVIROMICS TECHNOLOGIES, S.A.",510238068,2012,2013,4.10E+05,4.10E+05,1.00,1.03E+05,1.03E+05,3.03E+04,"M - Actividades de consultoria, científicas, técnicas e similares",,,Sem registo,0.00E+00,0,Y,"3,030,976.00",0.10,1.00E+00,1.00E+00,0.00E+00,FCR Portugal Ventures Universitas,,,,,,,,,,,,,,,,,,,,
"ZARPH, S.A.",508949270,2009,2013,3.63E+05,3.63E+05,1.00,7.85E+04,8.20E+04,5.50E+04,"M - Actividades de consultoria, científicas, técnicas e similares",,,Sem registo,0.00E+00,0,Y,"2,494,210.00",0.01,3.00E+00,1.00E+00,2.00E+00,FCR Portugal Ventures ACTEC II,"Agro Consultores,Lda","Talent Minds,Lda",,,,,,,,,,,,,,,,,,
E.A.D. - EMPRESA DE ARQUIVO DE DOCUMENTAÇÃO S.A.,507616944,2006,2014,2.00E+06,2.00E+06,1.00,2.08E+05,1.16E+06,2.08E+05,N - Actividades administrativas e dos serviços de apoio,,,Sem registo,0.00E+00,0,N,0.00,5.00,1.00E+00,1.00E+00,0.00E+00,FCR Capital Criativo I,,,,,,,,,,,,,,,,,,,,
BALFLEX PORTUGAL - COMPONENTES HIDRÁULICOS E INDUSTRIAIS S.A.,500772738,2010,2014,3.00E+06,3.00E+06,1.00,2.01E+06,5.75E+06,,C - Indústrias Transformadoras,,,Sem registo,0.00E+00,0,N,0.00,5.00,1.00E+00,1.00E+00,0.00E+00,FCR Capital Criativo I,,,,,,,,,,,,,,,,,,,,
"ZUVI NOVA, S.A.",508993970,2009,2011,4.02E+05,4.02E+05,3.00,1.01E+05,1.65E+05,,J - Actividades de informação e de comunicação,,,Sem registo,0.00E+00,0,N,0.00,0.01,4.00E+00,1.00E+00,3.00E+00,Portugal Ventures,Brains2Market,Busy Angels,PNV Capital,,,,,,,,,,,,,,,,,
"FABER VENTURES, S.A.",510346812,2012,2013,1.04E+06,1.04E+06,5.00,3.53E+06,4.89E+06,,J - Actividades de informação e de comunicação,,,Sem registo,0.00E+00,0,Y,"4,885,932.00",1.00,5.00E+00,0.00E+00,5.00E+00,Busy Angels,PNV Capital,"Shilling Capital Partners, Lda","Tagus Innovation for Growth SGPS, SA","Sail Away, Lda",,,,,,,,,,,,,,,,
"UNIVERSITYPLACES, SERVIÇOS DE INTERNET, LDA",509955061,2011,2012,2.00E+05,1.50E+05,1.00,3.03E+03,8.34E+03,3.03E+03,J - Actividades de informação e de comunicação,,"2013, troca para UK LLC",Sem registo,0.00E+00,0,N - Quotas,0.00,N - Quotas,4.00E+00,0.00E+00,4.00E+00,UNIPLACES LIMITED,"Shilling Capital Partners, Lda",Alex Chesterman,William Reeve,,,,,,,,,,,,,,,,,
UNIPLACES LIMITED,8674633,2013,2013,2.24E+07,0.00E+00,0.00,2.39E+03,2.39E+03,,J - Information and communication,,,Sem registo,0.00E+00,0,UK LLC,"8,736,828.00",UK LLC,7.00E+00,1.00E+00,6.00E+00,Caixa Capital,Shilling Capital,Atomico,Octopus Ventures,Alex Chesterman,William Reeve,Rob McClatchey,,,,,,,,,,,,,,
"CHIC BY CHOICE, S.A.",510985530,2014,2014,2.00E+06,0.00E+00,0.00,1.35E+05,1.35E+05,,G - Comércio por grosso e a retalho; reparação de veículos automóveis e motociclos,,,Sem registo,0.00E+00,0,Y,"4,500,000.00",0.01,3.00E+00,1.00E+00,2.00E+00,"FABER VENTURES, S.A.",Portugal Ventures,Edge Group,,,,,,,,,,,,,,,,,,
"ADVANCED CYCLONE SYSTEMS, S.A.",508482917,2008,2009,1.50E+06,0.00E+00,0.00,3.33E+04,8.33E+04,3.33E+04,G - Comércio por grosso e a retalho; reparação de veículos automóveis e motociclos,,,Sem registo,0.00E+00,0,Y,"33,334.00",1.00,1.00E+00,1.00E+00,0.00E+00,ESV III,,,,,,,,,,,,,,,,,,,,
"MOVVO, S.A.",508977754,2009,2011,7.38E+06,0.00E+00,0.00,7.12E+04,8.62E+04,,J - Actividades de informação e de comunicação,,,Sem registo,0.00E+00,0,Y,"53,997.00",1.00,4.00E+00,1.00E+00,3.00E+00,FCR Empreender+,SONAE IM,Dueto SGPS,BGI SA,,,,,,,,,,,,,,,,,
"BICA STUDIOS, S.A.",510781845,2013,2015,3.00E+05,0.00E+00,0.00,4.52E+05,4.58E+05,1.12E+05,J - Actividades de informação e de comunicação,,,Sem registo,0.00E+00,0,Y,"11,177,485.00",0.01,1.00E+00,1.00E+00,0.00E+00,Fundo de Capital de Risco Portugal Ventures Global 2,,,,,,,,,,,,,,,,,,,,
"COREWORKS - PROJECTOS DE CIRCUITOS E SISTEMAS ELECTRÓNICOS, S.A.",505298503,2006,2006,,0.00E+00,0.00,4.97E+04,5.00E+04,3.50E+04,C - Indústrias Transformadoras,,,Sem registo,0.00E+00,0,N,0.00,0.01,2.00E+00,1.00E+00,1.00E+00,ESV II,"Inesc ID ­ Instituto de Engenharia de Sistemas e Computadores, Investigação e Desenvolvimento",,,,,,,,,,,,,,,,,,,
"DOMATICA ­ GLOBAL SOLUTIONS, S.A.",506131610,2005,2011,,0.00E+00,0.00,9.13E+04,9.63E+04,,J - Actividades de informação e de comunicação,,,Sem registo,0.00E+00,0,Y,"4,535,850.00",0.01,1.00E+00,1.00E+00,0.00E+00,ESV III,,,,,,,,,,,,,,,,,,,,
"BERD - PROJECTO, INVESTIGAÇÃO E ENGENHARIA DE PONTES S.A.",507455509,2006,2006,1.02E+06,1.02E+06,1.00,6.03E+06,7.61E+06,,"M - Actividades de consultoria, científicas, técnicas e similares",,,Sem registo,0.00E+00,0,N,0.00,1.00,5.00E+00,3.00E+00,2.00E+00,FCR ES Ventures Inovação & Internacionalização,Fundo de Capital de Risco AICEP­ Capital Global Grande Projectos de Investimento,"Mota­ Engil, Engenharia e Construção , S. A.",Universidade do Porto,Fundo de Capital de Risco AICEP Capital Global III,,,,,,,,,,,,,,,,
"FLUIDINOVA, S.A.",507439384,2005,2005,1.16E+06,0.00E+00,0.00,4.92E+05,5.00E+05,,"M - Actividades de consultoria, científicas, técnicas e similares",,,Sem registo,0.00E+00,0,Y,"30,000.00",0.00,2.00E+00,1.00E+00,1.00E+00,Fast Change,Universidade do Porto,,,,,,,,,,,,,,,,,,,
"PROCESSWARE - SOLUÇÕES INFORMÁTICAS, S.A.",508799988,2009,2014,1.00E+06,0.00E+00,0.00,7.48E+04,4.55E+05,6.97E+04,J - Actividades de informação e de comunicação,,,Sem registo,0.00E+00,0,Y,"7,477,603.00",0.01,2.00E+00,1.00E+00,1.00E+00,Fundo de Capital de Risco Portugal Ventures,"Eggnest, SGPS, S.A.",,,,,,,,,,,,,,,,,,,
"SOUSACAMP, SGPS S.A.",507955862,2007,2007,,0.00E+00,0.00,9.05E+05,3.29E+06,7.85E+05,K - Actividades financeiras e de seguros,,,Sem registo,0.00E+00,0,Y,"1,285,000.00",1.00,1.00E+00,1.00E+00,0.00E+00,ESV II,,,,,,,,,,,,,,,,,,,,
"YD YNVISIBLE, S.A.",509233023,2010,2013,,0.00E+00,0.00,1.19E+06,2.62E+06,,"M - Actividades de consultoria, científicas, técnicas e similares",,,Sem registo,0.00E+00,0,N,0.00,0.01,4.00E+00,1.00E+00,3.00E+00,ESV II,"CUF ­ Companhia União Fabril, SGPS, S.A","Ydreams ­ Informática, S.A.","Leadership Business Technology, S.A.",,,,,,,,,,,,,,,,,
ALFAMA - INVESTIGAÇÃO E DESENVOLVIMENTO DE PRODUTOS FARMACÊUTICOS LDA,505979098,2013,2013,,0.00E+00,0.00,1.00E+04,1.00E+04,5.80E+03,"M - Actividades de consultoria, científicas, técnicas e similares",DE & MA USA,"Date of Involuntary Revocation, 06-30-2014",Sem registo,0.00E+00,0,N - Quotas,0.00,N - Quotas,2.00E+00,1.00E+00,1.00E+00,Portugal Ventures,Alfama Inc,,,,,,,,,,,,,,,,,,,
"ASINUS ATLANTICUS, S.A.",510452817,2012,2014,8.50E+04,0.00E+00,0.00,5.00E+04,5.00E+04,1.74E+04,G - Comércio por grosso e a retalho; reparação de veículos automóveis e motociclos,,,Sem registo,0.00E+00,0,N - Quotas,0.00,N - Quotas,1.00E+00,1.00E+00,0.00E+00,FCR FIAEA ­ Fundo de Investimento de Apoio ao Empreendorismo dos Açores,,,,,,,,,,,,,,,,,,,,
BIOSURFIT S.A.,507503031,2006,2006,,0.00E+00,0.00,7.90E+06,7.90E+06,3.26E+05,"M - Actividades de consultoria, científicas, técnicas e similares",,,Sem registo,0.00E+00,0,Y,"4,900,963.00",1.00,5.00E+00,5.00E+00,0.00E+00,Fundo de Sindicação de Capital de Risco PME­IAPMEI,Fundo de Capital de Risco Para Investidores Qualificados Beta ­Early Stages,Fundo de Capital de Risco Portugal Ventures Valor.,FCR Empreender+,Fundo de Capital de Risco para Investidores Qualificados PME Investimentos ­ TIEC,,,,,,,,,,,,,,,,
BIOTREND - INOVAÇÃO E ENGENHARIA EM BIOTECNOLOGIA S.A.,505041944,2005,2006,,0.00E+00,0.00,1.90E+06,1.90E+06,,"M - Actividades de consultoria, científicas, técnicas e similares",,,Sem registo,0.00E+00,0,N,0.00,1.00,1.00E+00,1.00E+00,0.00E+00,Portugal Ventures,,,,,,,,,,,,,,,,,,,,
"CEV, S.A.",507798961,2006,2007,,0.00E+00,0.00,9.25E+04,9.76E+04,4.76E+04,"M - Actividades de consultoria, científicas, técnicas e similares",,,Sem registo,0.00E+00,0,Y,"719,149.00",0.10,1.00E+00,1.00E+00,0.00E+00,Fast Change,,,,,,,,,,,,,,,,,,,,
CRITICAL LINKS S.A.,507610830,2006,2007,8.55E+06,0.00E+00,0.00,1.41E+06,2.66E+06,,J - Actividades de informação e de comunicação,,,Sem registo,0.00E+00,0,N,0.00,5.00,5.00E+00,4.00E+00,1.00E+00,Fast Change,Fundo ISQ Capital,"Critical Ventures, SCR, SA",Portugal Ventures,Critical SGPS (holding),,,,,,,,,,,,,,,,
"CSIDE - SOLUÇÕES INTELIGENTES, S.A.",507997476,2008,2008,,0.00E+00,0.00,9.25E+05,9.25E+05,,J - Actividades de informação e de comunicação,,,Sem registo,0.00E+00,0,N,0.00,1.00,1.00E+00,1.00E+00,0.00E+00,Portugal Ventures,,,,,,,,,,,,,,,,,,,,
"D-ORBIT PT, LDA",513017992,2014,2014,1.00E+05,0.00E+00,0.00,5.00E+03,5.00E+03,1.00E+02,"M - Actividades de consultoria, científicas, técnicas e similares","D­ORBIT S.R.L., Italy",,Sem registo,0.00E+00,0,N - Quotas,0.00,N - Quotas,2.00E+00,1.00E+00,1.00E+00,Caixa Capital,BGI SA,,,,,,,,,,,,,,,,,,,
"DISPLAX, S.A.",505046857,2005,2008,,0.00E+00,0.00,4.72E+04,9.72E+04,,J - Actividades de informação e de comunicação,,,Sem registo,0.00E+00,0,N,0.00,5.00,1.00E+00,1.00E+00,0.00E+00,Portugal Ventures,,,,,,,,,,,,,,,,,,,,
"ENEIDA, WIRELESS & SENSORS, S.A.",510097600,2012,2012,,0.00E+00,0.00,5.63E+04,4.50E+05,,C - Indústrias Transformadoras,,,Sem registo,0.00E+00,0,N,0.00,5.00,1.00E+00,1.00E+00,0.00E+00,Portugal Ventures,,,,,,,,,,,,,,,,,,,,
"EXAGO VENTURES, S.A.",508354684,2007,2010,,0.00E+00,0.00,1.25E+04,6.25E+04,1.25E+04,"M - Actividades de consultoria, científicas, técnicas e similares",,,Sem registo,0.00E+00,0,N,0.00,0.01,1.00E+00,0.00E+00,1.00E+00,Pathena,,,,,,,,,,,,,,,,,,,,
GENIBET BIOPHARMACEUTICALS S.A.,507710983,2006,2006,,0.00E+00,0.00,5.00E+05,5.00E+05,,C - Indústrias Transformadoras,,,Sem registo,0.00E+00,0,N,0.00,5.00,1.00E+00,1.00E+00,0.00E+00,Portugal Ventures,,,,,,,,,,,,,,,,,,,,
"GUESTCENTRIC SYSTEMS, S.A.",507844106,2006,2007,3.94E+06,0.00E+00,0.00,9.88E+04,1.50E+05,,J - Actividades de informação e de comunicação,,,Sem registo,0.00E+00,0,Y,"8,228,516.00",0.01,4.00E+00,4.00E+00,0.00E+00,Portugal Ventures,Fast Change,Fundo ISQ Capital,FCR Empreender+,,,,,,,,,,,,,,,,,
"HOTTRADE - REPRESENTAÇÕES, GESTÃO E SERVIÇOS S.A.",505170205,2006,2006,,0.00E+00,0.00,9.50E+04,1.00E+05,4.99E+04,L - Actividades imobiliárias,,,Sem registo,0.00E+00,0,N - Quotas,0.00,N - Quotas,2.00E+00,2.00E+00,0.00E+00,Fast Change,"PME Capital ­Sociedade Portuguesa de Capital de Risco, S.A",,,,,,,,,,,,,,,,,,,
"IMOBILEMAGIC - MOBILE EXPERIENCES, LDA",509412041,2010,2010,,0.00E+00,0.00,5.00E+03,5.00E+03,1.75E+03,J - Actividades de informação e de comunicação,,,Sem registo,0.00E+00,0,N - Quotas,0.00,N - Quotas,2.00E+00,0.00E+00,2.00E+00,"PATHENA, SGPS, SA","BLUE BUSINESS, SGPS, SA",,,,,,,,,,,,,,,,,,,
"INDIE CAMPERS, S.A.",510579744,2013,2015,,0.00E+00,0.00,4.69E+04,5.19E+04,1.07E+04,"R - Actividades desportivas, de diversão e recreativas",,,Sem registo,0.00E+00,0,Y,"1,068,487.00",0.01,1.00E+00,1.00E+00,0.00E+00,Fundo de Capital de Risco Dinamização Turística,,,,,,,,,,,,,,,,,,,,
MAGPOWER - SOLUÇÕES DE ENERGIA S.A.,508178045,2007,2011,7.00E+06,0.00E+00,0.00,5.24E+04,1.05E+06,,C - Indústrias Transformadoras,,,Sem registo,0.00E+00,0,N,0.00,5.00,1.00E+00,1.00E+00,0.00E+00,ESV III,,,,,,,,,,,,,,,,,,,,
"NONIUSSOFT, SOFTWARE E CONSULTORIA PARA TELECOMUNICAÇÕES, S.A.",507297687,2007,2011,1.53E+06,0.00E+00,0.00,2.40E+06,3.00E+06,,J - Actividades de informação e de comunicação,,"Oxy Capital (MBO), 2015",Sem registo,0.00E+00,0,N,0.00,1.00,4.00E+00,3.00E+00,1.00E+00,Beta Ciências da Vida,FCR Empreender+,IMPRESA,OXY CAPITAL MEZZANINE FUND,,,,,,,,,,,,,,,,,
"NUTRIGREEN, S.A.",508025095,2007,2009,,0.00E+00,0.00,6.25E+05,6.25E+05,,C - Indústrias Transformadoras,,,Sem registo,0.00E+00,0,N,0.00,1.00,1.00E+00,1.00E+00,0.00E+00,ESV III,,,,,,,,,,,,,,,,,,,,
"OUTSYSTEMS - SOFTWARE EM REDE, S.A.",504995634,2001,2005,5.96E+07,0.00E+00,0.00,1.40E+05,1.47E+06,,J - Actividades de informação e de comunicação,,,Sem registo,0.00E+00,0,Y,"8,259,025.00",0.10,4.00E+00,2.00E+00,2.00E+00,Portugal Ventures,ESV II,North Bridge Venture Partners & Growth Equity,PME Investimentos,,,,,,,,,,,,,,,,,
"PLUX - WIRELESS BIOSIGNALS, S.A.",508041589,2013,2011,7.30E+05,0.00E+00,0.00,2.69E+04,7.57E+04,2.00E+00,"M - Actividades de consultoria, científicas, técnicas e similares",,FCR Empreender+,Sem registo,0.00E+00,0,Y,483.00,10.00,2.00E+00,1.00E+00,1.00E+00,Fundo Capital de Risco Caixa Tech Transfer Accelerator Ventures,"Intercapital ­Investimento e Gestão de Activos, S.A.",,,,,,,,,,,,,,,,,,,
"SKAPHANDRUS, S.A. - EM LIQUIDAÇÃO",510985637,2014,2014,3.50E+04,0.00E+00,0.00,1.24E+05,1.24E+05,,J - Actividades de informação e de comunicação,,"Dissolução, 20/09/2016",Sem registo,0.00E+00,0,Y,"1,856,055.00",0.01,1.00E+00,1.00E+00,0.00E+00,Portugal Ventures,,,,,,,,,,,,,,,,,,,,
"STOPLINE FILMS - PRODUÇÃO DE AUDIOVISUAIS, LDA",506766128,2004,2004,,0.00E+00,0.00,3.33E+04,3.33E+04,,J - Actividades de informação e de comunicação,,,Sem registo,0.00E+00,0,N - Quotas,0.00,N - Quotas,1.00E+00,1.00E+00,0.00E+00,Fast Change,,,,,,,,,,,,,,,,,,,,
"WINDPLUS, S.A.",509149421,2009,2009,3.30E+07,0.00E+00,0.00,2.89E+06,1.24E+06,,"M - Actividades de consultoria, científicas, técnicas e similares","PRINCIPLE POWER, INC., NV USA 2007",,Sem registo,0.00E+00,0,N,0.00,125.00,8.00E+00,1.00E+00,7.00E+00,EDP Inovação,ENERNOVA - Novas Energias S.A. ,Power Unipessoal LDA ,"A. Silva Matos II - Investimentos, SA","PRINCIPLE POWER, INC., NV USA 2007",REPSOL,FAI Energias,EDP Ventures SGPS,,,,,,,,,,,,,
"UNBABEL, LDA",510852254,2013,2014,,0.00E+00,0.00,1.00E+02,1.00E+02,,J - Actividades de informação e de comunicação,"UNBABEL, INC.2013, DELAWARE (USA)",,Sem registo,0.00E+00,0,N - Quotas,0.00,N - Quotas,1.00E+00,0.00E+00,1.00E+00,Sócios Fundadores,,,,,,,,,,,,,,,,,,,,
"UNBABEL, INC.",5439810,2013,2014,2.25E+06,0.00E+00,0.00,,,,Foreign Company,,,Sem registo,0.00E+00,0,US C-corp,0.00,US C-corp,2.10E+01,1.00E+00,2.00E+01,Caixa Capital,Shilling Capital,Faber ventures,Adeyemi Ajao,Amino Capital,David Peterson,Digital Garage,Elad Gil,FundersClub,Kevin Rose,Klaus von Sayn-Wittgenstein,Matrix Partners,Raymond Tonsing,Rob Emrich,Roger Dickey,Ryan Petersen,Wefunder,Young Guo,Workday Ventures,Investo,Y Combinator
"VENIAM, UNIPESSOAL LDA",510213650,2012,2014,,0.00E+00,0.00,1.34E+06,1.50E+06,,J - Actividades de informação e de comunicação,"VENIAM, INC., 7/20/2012, DE USA",,Sem registo,0.00E+00,0,N - Quotas,0.00,N - Quotas,1.00E+00,0.00E+00,1.00E+00,"VENIAM, INC.",,,,,,,,,,,,,,,,,,,,
"VENIAM, INC.",5186805,2012,2014,2.02E+07,0.00E+00,0.00,,,,Foreign Company,,,Sem registo,0.00E+00,0,US C-corp,0.00,US C-corp,1.00E+01,1.00E+00,9.00E+00,Union Square Ventures,True Ventures,Cane Investments LLC,BGI SA,Verizon Ventures,Cisco Investments,Liberty Global Ventures,Orange Digital Ventures,Yamaha Motor Ventures,Caixa Capital,,,,,,,,,,,
"YDREAMS - INFORMÁTICA, S.A.",504901575,2000,2006,8.50E+06,0.00E+00,0.00,1.04E+06,1.54E+06,,J - Actividades de informação e de comunicação,,"HOMOLOGAÇÃO DO PLANO DE RECUPERAÇÃO EM PROCESSO DE REVITALIZAÇÃO, 25/05/2015",Sem registo,0.00E+00,0,N,0.00,0.01,2.00E+00,1.00E+00,1.00E+00,ESV II,Herrick Partners,,,,,,,,,,,,,,,,,,,
"GLOBAL ACTIVE, GESTÃO DE PARTICIPAÇÕES SOCIAIS, SGPS S.A.",507300114,2005,2006,,0.00E+00,0.00,2.54E+04,5.87E+04,,K - Actividades financeiras e de seguros,,,Sem registo,0.00E+00,0,Y,"52,459.00",0.50,1.00E+00,1.00E+00,0.00E+00,ESV II,,,,,,,,,,,,,,,,,,,,
"ADFAMILIES PUBLICIDADE, S.A.",510401198,2012,2015,,0.00E+00,0.00,1.65E+05,1.70E+05,3.22E+04,"M - Actividades de consultoria, científicas, técnicas e similares",,,Sem registo,0.00E+00,0,Y,"2,690,079.00",0.01,1.00E+00,1.00E+00,0.00E+00,Fundo de Capital de Risco Portugal Ventures Valor 2,,,,,,,,,,,,,,,,,,,,
"BYCLOSURE, S.A.",508717400,2008,2015,,0.00E+00,0.00,5.79E+04,6.30E+04,1.78E+04,J - Actividades de informação e de comunicação,,,Sem registo,0.00E+00,0,Y,"1,776,830.00",0.01,1.00E+00,1.00E+00,0.00E+00,Fundo de Capital de Risco Portugal Ventures Valor 2,,,,,,,,,,,,,,,,,,,,
"BRIGHTWIZARD, S.A",510800467,2013,2015,7.50E+05,0.00E+00,0.00,2.18E+04,7.18E+04,2.18E+04,J - Actividades de informação e de comunicação,,,Sem registo,0.00E+00,0,Y,"2,180,345.00",0.01,1.00E+00,1.00E+00,0.00E+00,Fundo de Capital de Risco Portugal Ventures Global 2,,,,,,,,,,,,,,,,,,,,
"ALTURA PUBLISHING, S.A.",510253539,2012,2014,4.60E+05,0.00E+00,0.00,2.78E+04,8.17E+04,2.02E+04,J - Actividades de informação e de comunicação,,,Sem registo,0.00E+00,0,Y,"2,500,618.00",0.01,3.00E+00,1.00E+00,2.00E+00,Fundo de Capital de Risco Portugal Ventures Valor 2,"Faber Ventures, S.A.","Faber Investments,SGPS",,,,,,,,,,,,,,,,,,
"BGUESTNOW, S.A.",513006036,2014,2015,2.03E+05,0.00E+00,0.00,9.69E+03,5.00E+04,9.69E+03,J - Actividades de informação e de comunicação,,,Sem registo,0.00E+00,0,Y,"969,245.00",0.01,1.00E+00,1.00E+00,0.00E+00,Fundo de Capital de Risco Dinamização Turística,,,,,,,,,,,,,,,,,,,,
"EXCITING SPACE, S.A.",510291600,2012,2015,,0.00E+00,0.00,1.69E+05,1.74E+05,6.54E+04,J - Actividades de informação e de comunicação,,,Sem registo,0.00E+00,0,Y,"6,539,913.00",0.01,1.00E+00,1.00E+00,0.00E+00,Fundo de Capital de Risco Dinamização Turística,,,,,,,,,,,,,,,,,,,,
"ALLIS UBBO INFORMATION SYSTEMS, LDA",509460348,2010,2015,2.00E+05,0.00E+00,0.00,0.00E+00,5.00E+03,,J - Actividades de informação e de comunicação,,,Sem registo,0.00E+00,0,N - Quotas,0.00,N - Quotas,1.00E+00,1.00E+00,0.00E+00,Caixa Capital,,,,,,,,,,,,,,,,,,,,
"CRIVO INVESTIGAÇÃO APLICADA, S.A.",507945328,2007,2008,,0.00E+00,0.00,2.00E+05,4.60E+05,,"M - Actividades de consultoria, científicas, técnicas e similares",,,Sem registo,0.00E+00,0,N,0.00,1.00,1.00E+00,1.00E+00,0.00E+00,Beta Early Stages,,,,,,,,,,,,,,,,,,,,
"SPHERAA - PRODUÇÃO DE ENERGIA, LDA",508383463,2008,2008,,0.00E+00,0.00,3.93E+05,3.95E+05,,"D - Electricidade, gás, vapor, água quente e fria e ar frio",,,Sem registo,0.00E+00,0,N - Quotas,0.00,N - Quotas,3.00E+00,1.00E+00,2.00E+00,"LUSÁGUA ­ SERVIÇOS AMBIENTAIS, S.A.",Fundo ISQ Capital,INSTITUTO DE SOLDADURA E QUALIDADE,,,,,,,,,,,,,,,,,,
"WIZI TO FIND, S.A.",507917880,2006,2006,,0.00E+00,0.00,1.35E+05,1.20E+05,1.60E+04,J - Actividades de informação e de comunicação,,,Sem registo,0.00E+00,0,Y,"7,928,711.00",0.01,3.00E+00,1.00E+00,2.00E+00,Fundo ISQ Capital,Portugal Ventures,Beyond Newsgen ­ Soluções de Gestão e Personalização de Conteúdos Lda,,,,,,,,,,,,,,,,,,
"IBERMAROS-EQUIPAMENTOS INDUSTRIAIS, S.A.",502009578,2005,2005,,0.00E+00,0.00,2.70E+05,3.05E+05,8.96E+04,C - Indústrias Transformadoras,,,Sem registo,0.00E+00,0,Y,"6,371.00",1.00,1.00E+00,1.00E+00,0.00E+00,Fundo ISQ Capital,,,,,,,,,,,,,,,,,,,,
"CRITICAL MANUFACTURING, S.A.",508904021,2009,2009,,0.00E+00,0.00,4.96E+05,4.96E+05,,J - Actividades de informação e de comunicação,,,Sem registo,0.00E+00,0,N,0.00,5.00,1.00E+00,1.00E+00,0.00E+00,"Critical Ventures, SCR, SA",,,,,,,,,,,,,,,,,,,,
"SMARTWATT - ENERGY SERVICES, S.A.",508367360,2008,2009,,0.00E+00,0.00,4.90E+04,9.90E+04,,"M - Actividades de consultoria, científicas, técnicas e similares",,Fusão,Sem registo,0.00E+00,0,N,0.00,1.00,2.00E+00,1.00E+00,1.00E+00,INESC Porto ­ Instituto de Engenharia de Sistemas e Computadores do Porto,"CAIXA CAPITAL ­ SOCIEDADE DE CAPITAL DE RISCO, S.A",,,,,,,,,,,,,,,,,,,
"BIOMIMETX,S.A.",510877893,2013,2015,1.80E+06,0.00E+00,0.00,5.33E+04,5.83E+04,3.33E+04,"M - Actividades de consultoria, científicas, técnicas e similares",,,Sem registo,0.00E+00,0,Y,"14,284.00",1.00,2.00E+00,1.00E+00,1.00E+00,Fundo Capital de Risco Caixa Tech Transfer Accelerator Ventures,"Intercapital ­Investimento e Gestão de Activos, S.A.",,,,,,,,,,,,,,,,,,,
"FOLLOWPRICE, S.A.",513350152,2015,2015,,0.00E+00,0.00,2.40E+05,2.40E+05,,J - Actividades de informação e de comunicação,,,Sem registo,0.00E+00,0,Y,"6,720,743.00",0.01,2.00E+00,1.00E+00,1.00E+00,Portugal Ventures,"Best Horizon­SGPS, Unipessoal Lda.",,,,,,,,,,,,,,,,,,,